{"cameraMode":{"drawMode":0,"name":"Shaded","section":"Shading Mode"},"sceneLighting":false,"audioPlay":false,"sceneViewState":{"showFog":true,"showMaterialUpdate":false,"showSkybox":false,"showFlares":true,"showImageEffects":true,"showParticleSystems":true},"in2DMode":false,"pivot":{"x":0.00019931793212890625,"y":-0.0009000032441690564,"z":-0.06300000846385956},"rotation":{"x":-0.040476635098457339,"y":0.5011796355247498,"z":-0.02347833849489689,"w":-0.8640772104263306},"size":0.23644091188907624,"orthographic":false}