{"cameraMode":{"drawMode":0,"name":"Shaded","section":"Shading Mode"},"sceneLighting":false,"audioPlay":false,"sceneViewState":{"showFog":true,"showMaterialUpdate":false,"showSkybox":false,"showFlares":true,"showImageEffects":true,"showParticleSystems":true},"in2DMode":false,"pivot":{"x":-0.04375224560499191,"y":-0.0026620104908943178,"z":-0.031353261321783069},"rotation":{"x":-0.040476635098457339,"y":0.5011796355247498,"z":-0.02347833849489689,"w":-0.8640772104263306},"size":0.2774868905544281,"orthographic":false}